19,1A,1.354720737535092,76.35166717794,235.27961414936001
16,1A,0.29351463546689693,76.41506682546,235.39496628582
24,1A,-2.0865917805647145,76.13857391822,234.52234058176
7,1A,1.171854000332499,76.35606993124,235.28225580133997
6,1A,1.5350856402023076,76.3569504819,235.3139556251
3,1A,-1.5592156031852231,76.22134568026,234.7812224758
9,1A,-0.562505255576518,76.3745614951,235.2787335987
22,1A,2.9544316629180845,75.06870486632,231.46330758892
18,1A,-2.4035162231759912,76.03907169364,234.2132673001
12,1A,0.6497510902427166,76.38072534972,235.31923892906
13,1A,-0.819570172013671,76.34022001936,235.16073981026003
17,1A,-1.8673006810182313,76.17027374198,234.62184280634
20,1A,-0.01185516432718936,76.4229917814,235.40641344440002
10,1A,2.2391136871468307,75.93340561444,234.05829038394
23,1A,1.6859755605528672,76.3569504819,235.3139556251
14,1A,-0.17968404928645842,76.4229917814,235.40641344440002
4,1A,2.335998607638917,75.7053429935,233.37410252112002
11,1A,0.9860919302333739,76.37808369774,235.32540278368
21,1A,-2.7396325613745525,75.99592471129999,234.07678194780001
8,1A,-1.4016006480424692,76.26273156128,234.91066342282
5,1A,-1.6986491119145308,76.22134568026,234.7812224758
15,1A,0.4611283783553093,76.41506682546,235.39496628582
1,1A,-2.237344660468874,76.13857391822,234.52234058176
2,1A,-0.47353762119150566,76.38600865368001,235.31923892906
25,1A,1.8354549115409622,76.3657559885,235.34653599951997
30,1A,-0.8660389979869931,76.34022001936,235.16073981026003
31,1A,2.7422805571818145,75.27651482208,232.08761800686
35,1A,1.0496461171194005,76.35606993124,235.28225580133997
26,1A,2.113458744595725,75.93340561444,234.05829038394
28,1A,-2.6214898624594682,75.99592471129999,234.07678194780001
34,1A,0.8214949203656383,76.37808369774,235.32540278368
29,1A,-1.0890231970562017,76.32172845550001,235.09734016273998
32,1A,2.5004513337356578,75.27651482208,232.08761800686
27,1A,-2.896899424265165,75.89818358804001,233.77123086878
36,1A,0.14665947080951014,76.4229917814,235.40641344440002
33,1A,-1.2529962526977472,76.26273156128,234.91066342282
9,2A,-0.562505255576518,74.76227323664,219.6621676436
15,2A,0.4611283783553093,75.11625460196,220.24068942722002
22,2A,2.9544316629180845,73.27590372256,216.06335709618
19,2A,1.354720737535092,74.99033585758,220.18961748894003
16,2A,0.29351463546689693,75.11625460196,220.24068942722002
20,2A,-0.01185516432718936,75.13210451384,220.24245052854002
12,2A,0.6497510902427166,75.08103257556,220.2345255726
3,2A,-1.5592156031852231,74.49194418402,218.95948821692
5,2A,-1.6986491119145308,74.49194418402,218.95948821692
1,2A,-2.237344660468874,74.32552010928,218.50072132306
21,2A,-2.7396325613745525,74.1511710786,217.99880744686
4,2A,2.335998607638917,74.11330740022,218.14321775509998
13,2A,-0.819570172013671,74.68566532922,219.45523823850002
6,2A,1.5350856402023076,74.9612776858,220.181692533
2,2A,-0.47353762119150566,74.79485361105999,219.74758105762
10,2A,2.2391136871468307,74.39068085812,218.8256445166
18,2A,-2.4035162231759912,74.21104852348,218.17139537622
7,2A,1.171854000332499,75.01675237738,220.2081090528
23,2A,1.6859755605528672,74.9612776858,220.181692533
11,2A,0.9860919302333739,75.06077991037999,220.2213173127
8,2A,-1.4016006480424692,74.5430161223,219.09509301856
24,2A,-2.0865917805647145,74.32552010928,218.50072132306
14,2A,-0.17968404928645842,75.13210451384,220.24245052854002
17,2A,-1.8673006810182313,74.38539755416,218.66714539780003
28,2A,-2.6214898624594682,74.1511710786,217.99880744686
34,2A,0.8214949203656383,75.06077991037999,220.2213173127
32,2A,2.5004513337356578,73.54535222452,216.74050055372
33,2A,-1.2529962526977472,74.5430161223,219.09509301856
25,2A,1.8354549115409622,74.95511383118,220.19313969158
36,2A,0.14665947080951014,75.13210451384,220.24245052854002
27,2A,-2.896899424265165,74.04110224610001,217.68004810794002
30,2A,-0.8660389979869931,74.68566532922,219.45523823850002
26,2A,2.113458744595725,74.39068085812,218.8256445166
35,2A,1.0496461171194005,75.01675237738,220.2081090528
31,2A,2.7422805571818145,73.54535222452,216.74050055372
29,2A,-1.0890231970562017,74.63899614424,219.33108059544003
23,2B,1.6859755605528672,82.4283472826,251.23959486186
20,2B,-0.01185516432718936,82.50055243672,251.09694565494001
8,2B,-1.4016006480424692,81.98807195260001,249.61673999548003
4,2B,2.335998607638917,81.67899867094,249.30326396051998
11,2B,0.9860919302333739,82.4987913354,251.24928091912003
18,2B,-2.4035162231759912,81.43420558746,247.99652678108
3,2B,-1.5592156031852231,81.9044196399,249.37018581068
5,2B,-1.6986491119145308,81.9044196399,249.37018581068
9,2B,-0.562505255576518,82.3094729435,250.59239012676002
17,2B,-1.8673006810182313,81.7327122612,248.86915248514
14,2B,-0.17968404928645842,82.50055243672,251.09694565494001
6,2B,1.5350856402023076,82.4283472826,251.23959486186
22,2B,2.9544316629180845,80.95518602842,247.37749966709998
1,2B,-2.237344660468874,81.64641829652,248.61731499638
24,2B,-2.0865917805647145,81.64641829652,248.61731499638
7,2B,1.171854000332499,82.4811803222,251.28450294552
16,2B,0.29351463546689693,82.50671629134,251.1506592452
12,2B,0.6497510902427166,82.50231353804,251.21405889272
19,2B,1.354720737535092,82.45124159976,251.25280312176002
13,2B,-0.819570172013671,82.20292631363999,250.26042252794002
2,2B,-0.47353762119150566,82.35966433112,250.74912814424
15,2B,0.4611283783553093,82.50671629134,251.1506592452
21,2B,-2.7396325613745525,81.33206171089999,247.69625900602
10,2B,2.2391136871468307,81.93171671036,249.96984081014
33,2B,-1.2529962526977472,81.98807195260001,249.61673999548003
26,2B,2.113458744595725,81.93171671036,249.96984081014
30,2B,-0.8660389979869931,82.20292631363999,250.26042252794002
27,2B,-2.896899424265165,81.13041560976,247.10188731052
31,2B,2.7422805571818145,81.19381525728001,248.02030164890002
29,2B,-1.0890231970562017,82.13864611545999,250.06053752812002
34,2B,0.8214949203656383,82.4987913354,251.24928091912003
28,2B,-2.6214898624594682,81.33206171089999,247.69625900602
32,2B,2.5004513337356578,81.19381525728001,248.02030164890002
36,2B,0.14665947080951014,82.50055243672,251.09694565494001
25,2B,1.8354549115409622,82.42922783326,251.25984752704
35,2B,1.0496461171194005,82.4811803222,251.28450294552
15,3A,0.4611283783553093,75.26418711284,201.87680541292
16,3A,0.29351463546689693,75.26418711284,201.87680541292
23,3A,1.6859755605528672,75.11713515262001,202.22814512626002
6,3A,1.5350856402023076,75.11713515262001,202.22814512626002
21,3A,-2.7396325613745525,73.02758843644,197.13592065948
13,3A,-0.819570172013671,74.15821548388,199.88411926933998
24,3A,-2.0865917805647145,73.35779493394,197.96363827988
18,3A,-2.4035162231759912,73.13677671828,197.40889136408
8,3A,-1.4016006480424692,73.74787887632,198.99036034944
2,3A,-0.47353762119150566,74.46112491092,200.60176805723998
3,3A,-1.5592156031852231,73.65365995570001,198.73764231002
20,3A,-0.01185516432718936,75.25185940360001,201.76321437778
22,3A,2.9544316629180845,73.22923453758,198.344036165
7,3A,1.171854000332499,75.18757920542001,202.15682052280002
17,3A,-1.8673006810182313,73.44849165192001,198.21107301534
4,3A,2.335998607638917,74.16261823718,200.32703625132
1,3A,-2.237344660468874,73.35779493394,197.96363827988
10,3A,2.2391136871468307,74.48666088006,200.99361310094002
12,3A,0.6497510902427166,75.27563427142,202.06700435548
14,3A,-0.17968404928645842,75.25185940360001,201.76321437778
19,3A,1.354720737535092,75.15587938166,202.17883428930003
5,3A,-1.6986491119145308,73.65365995570001,198.73764231002
9,3A,-0.562505255576518,74.35986158502,200.37018323366001
11,3A,0.9860919302333739,75.25802325821999,202.10662913518001
29,3A,-1.0890231970562017,73.98298590254001,199.54422671458002
33,3A,-1.2529962526977472,73.74787887632,198.99036034944
27,3A,-2.896899424265165,72.82506178464,196.61639577008
34,3A,0.8214949203656383,75.25802325821999,202.10662913518001
30,3A,-0.8660389979869931,74.15821548388,199.88411926933998
25,3A,1.8354549115409622,75.0977630381,202.25280054473998
26,3A,2.113458744595725,74.48666088006,200.99361310094002
36,3A,0.14665947080951014,75.25185940360001,201.76321437778
35,3A,1.0496461171194005,75.18757920542001,202.15682052280002
28,3A,-2.6214898624594682,73.02758843644,197.13592065948
31,3A,2.7422805571818145,73.54623277518,199.01149356528
32,3A,2.5004513337356578,73.54623277518,199.01149356528
16,3B,0.29351463546689693,73.85354495552001,212.69965357498003
17,3B,-1.8673006810182313,72.47284152064,209.47859926069998
5,3B,-1.6986491119145308,72.66656266584,209.99812415009998
21,3B,-2.7396325613745525,72.08539923024,208.42810232332
24,3B,-2.0865917805647145,72.37686149870001,209.2276423226
20,3B,-0.01185516432718936,73.87731982334,212.61600126228
22,3B,2.9544316629180845,71.84500890006,209.2892808688
23,3B,1.6859755605528672,73.47138596908,212.84142223124
13,3B,-0.819570172013671,73.00293301795999,210.9491188629
19,3B,1.354720737535092,73.52862176198,212.78154478636
10,3B,2.2391136871468307,72.92016125592001,211.70639243050002
1,3B,-2.237344660468874,72.37686149870001,209.2276423226
6,3B,1.5350856402023076,73.47138596908,212.84142223124
15,3B,0.4611283783553093,73.85354495552001,212.69965357498003
4,3B,2.335998607638917,72.63926559538,211.08032091124
3,3B,-1.5592156031852231,72.66656266584,209.99812415009998
9,3B,-0.562505255576518,73.17464039666,211.4026024528
11,3B,0.9860919302333739,73.70120969134,212.76569487448003
8,3B,-1.4016006480424692,72.74845387722,210.22970897368
7,3B,1.171854000332499,73.5920214095,212.7938724956
2,3B,-0.47353762119150566,73.261814912,211.62362066846
14,3B,-0.17968404928645842,73.87731982334,212.61600126228
18,3B,-2.4035162231759912,72.18666255613999,208.70459523056
12,3B,0.6497510902427166,73.75668438292,212.75776991854002
28,3B,-2.6214898624594682,72.08539923024,208.42810232332
27,3B,-2.896899424265165,71.91897515550001,207.96757432814
25,3B,1.8354549115409622,73.46962486776,212.89425527083998
36,3B,0.14665947080951014,73.87731982334,212.61600126228
32,3B,2.5004513337356578,72.10124914212001,209.87396650704
33,3B,-1.2529962526977472,72.74845387722,210.22970897368
29,3B,-1.0890231970562017,72.92016125592001,210.71401183668002
35,3B,1.0496461171194005,73.5920214095,212.7938724956
34,3B,0.8214949203656383,73.70120969134,212.76569487448003
26,3B,2.113458744595725,72.92016125592001,211.70639243050002
30,3B,-0.8660389979869931,73.00293301795999,210.9491188629
31,3B,2.7422805571818145,72.10124914212001,209.87396650704
23,3C,1.6859755605528672,54.0437967575,157.51554371278
11,3C,0.9860919302333739,54.005933079120005,157.4204442415
12,3C,0.6497510902427166,54.01209693374,157.40899708292
18,3C,-2.4035162231759912,53.581507661,156.18855386816
6,3C,1.5350856402023076,54.0437967575,157.51554371278
9,3C,-0.562505255576518,53.909072506520005,157.10168490258002
14,3C,-0.17968404928645842,54.005933079120005,157.310375409
16,3C,0.29351463546689693,54.01209693374,157.35264184068
3,3C,-1.5592156031852231,53.774348255540005,156.6763789338
13,3C,-0.819570172013671,53.87120882814,156.98104946216
7,3C,1.171854000332499,54.01826078836,157.4688745278
8,3C,-1.4016006480424692,53.80076477534,156.75738959452
10,3C,2.2391136871468307,53.5727021544,156.47033007936
17,3C,-1.8673006810182313,53.70566530406,156.49234384586
21,3C,-2.7396325613745525,53.534838476020006,156.07408228236
4,3C,2.335998607638917,53.334953476200006,155.93847748072
2,3C,-0.47353762119150566,53.92932517170001,157.16596510076
20,3C,-0.01185516432718936,54.005933079120005,157.310375409
5,3C,-1.6986491119145308,53.774348255540005,156.6763789338
24,3C,-2.0865917805647145,53.66339887237999,156.38315556402
19,3C,1.354720737535092,54.0173802377,157.47856058506002
15,3C,0.4611283783553093,54.01209693374,157.35264184068
1,3C,-2.237344660468874,53.66339887237999,156.38315556402
22,3C,2.9544316629180845,52.63403515084,154.34820298876
35,3C,1.0496461171194005,54.01826078836,157.4688745278
26,3C,2.113458744595725,53.5727021544,156.47033007936
36,3C,0.14665947080951014,54.005933079120005,157.310375409
31,3C,2.7422805571818145,52.86650052508,154.88005558740002
27,3C,-2.896899424265165,53.43973900474,155.84513911076
34,3C,0.8214949203656383,54.005933079120005,157.4204442415
32,3C,2.5004513337356578,52.86650052508,154.88005558740002
25,3C,1.8354549115409622,54.06052722004001,157.53403527664
33,3C,-1.2529962526977472,53.80076477534,156.75738959452
29,3C,-1.0890231970562017,53.850075612299996,156.91324706134
28,3C,-2.6214898624594682,53.534838476020006,156.07408228236
30,3C,-0.8660389979869931,53.87120882814,156.98104946216
13,4A,-0.819570172013671,88.01544122029999,206.72687844819998
17,4A,-1.8673006810182313,87.26433150732,205.3664276785
12,4A,0.6497510902427166,89.96233872956,209.47595760872002
11,4A,0.9860919302333739,89.8513893464,209.3597249216
7,4A,1.171854000332499,89.61892397216,209.12109569274
2,4A,-0.47353762119150566,88.49181912736,207.47006320524
8,4A,-1.4016006480424692,87.6500126964,206.0708682065
1,4A,-2.237344660468874,87.20445406244,205.21497296498
10,4A,2.2391136871468307,88.41168901729999,207.19973415262
15,4A,0.4611283783553093,90.1287628043,209.59571249848003
9,4A,-0.562505255576518,88.39760020674,207.30628078248003
21,4A,-2.7396325613745525,86.84959214646,204.53606840612002
6,4A,1.5350856402023076,89.32129784908,208.78208368864
16,4A,0.29351463546689693,90.1287628043,209.59571249848003
24,4A,-2.0865917805647145,87.20445406244,205.21497296498
3,4A,-1.5592156031852231,87.52321340136001,205.84456668688
19,4A,1.354720737535092,89.48243861986,208.9634771246
14,4A,-0.17968404928645842,90.24059273812,209.6855286658
20,4A,-0.01185516432718936,90.24059273812,209.6855286658
5,4A,-1.6986491119145308,87.52321340136001,205.84456668688
18,4A,-2.4035162231759912,86.93588611114,204.72626734868
23,4A,1.6859755605528672,89.32129784908,208.78208368864
4,4A,2.335998607638917,88.00751626436,206.46095214887998
22,4A,2.9544316629180845,86.83462278524,204.26661990416002
29,4A,-1.0890231970562017,87.92386395166,206.54900721488
35,4A,1.0496461171194005,89.61892397216,209.12109569274
33,4A,-1.2529962526977472,87.6500126964,206.0708682065
27,4A,-2.896899424265165,86.6373794374,204.10107638008
30,4A,-0.8660389979869931,88.01544122029999,206.72687844819998
34,4A,0.8214949203656383,89.8513893464,209.3597249216
26,4A,2.113458744595725,88.41168901729999,207.19973415262
31,4A,2.7422805571818145,87.2273483796,204.99395474932
36,4A,0.14665947080951014,90.24059273812,209.6855286658
25,4A,1.8354549115409622,89.21651232054,208.66761210284
32,4A,2.5004513337356578,87.2273483796,204.99395474932
28,4A,-2.6214898624594682,86.84959214646,204.53606840612002
23,4B,1.6859755605528672,74.95863603382,203.03561008148003
11,4B,0.9860919302333739,75.3575254828,203.21172021348002
20,4B,-0.01185516432718936,75.64986830192,203.24782279054
19,4B,1.354720737535092,75.11009074734,203.11750129286
12,4B,0.6497510902427166,75.43589449154001,203.2398978346
21,4B,-2.7396325613745525,73.28470922916,198.7358812087
14,4B,-0.17968404928645842,75.64986830192,203.24782279054
10,4B,2.2391136871468307,74.26212046176,201.78786979626003
15,4B,0.4611283783553093,75.58118535044001,203.24694223987998
8,4B,-1.4016006480424692,74.0058802197,200.41244966533998
13,4B,-0.819570172013671,74.32904231192,201.12481514928
3,4B,-1.5592156031852231,73.90109469116,200.16501492988
4,4B,2.335998607638917,73.95040552812,201.16972323294002
18,4B,-2.4035162231759912,73.39037530836,198.97891319086
24,4B,-2.0865917805647145,73.60258801742,199.46497715518
9,4B,-0.562505255576518,74.51836070382,201.55100166872
6,4B,1.5350856402023076,74.95863603382,203.03561008148003
22,4B,2.9544316629180845,73.02318568314,199.3038363844
16,4B,0.29351463546689693,75.58118535044001,203.24694223987998
5,4B,-1.6986491119145308,73.90109469116,200.16501492988
7,4B,1.171854000332499,75.21135407324,203.1782592884
17,4B,-1.8673006810182313,73.69592638738,199.68599537083998
1,4B,-2.237344660468874,73.60258801742,199.46497715518
2,4B,-0.47353762119150566,74.67245706932,201.84246393718
25,4B,1.8354549115409622,74.89787803828,203.02152127092
28,4B,-2.6214898624594682,73.28470922916,198.7358812087
36,4B,0.14665947080951014,75.64986830192,203.24782279054
30,4B,-0.8660389979869931,74.32904231192,201.12481514928
27,4B,-2.896899424265165,73.08746588132,198.27006990956
32,4B,2.5004513337356578,73.33490061678,199.93078845432
35,4B,1.0496461171194005,75.21135407324,203.1782592884
31,4B,2.7422805571818145,73.33490061678,199.93078845432
34,4B,0.8214949203656383,75.3575254828,203.21172021348002
33,4B,-1.2529962526977472,74.0058802197,200.41244966533998
29,4B,-1.0890231970562017,74.2348233913,200.90731913626
26,4B,2.113458744595725,74.26212046176,201.78786979626003
2,4C,-0.47353762119150566,71.62046848176,178.12659301140002
1,4C,-2.237344660468874,70.88696978198,176.69569818890002
11,4C,0.9860919302333739,72.0642660144,178.91644695342
18,4C,-2.4035162231759912,70.71614295394001,176.36196948876
17,4C,-1.8673006810182313,70.94332502422,176.82161693327998
24,4C,-2.0865917805647145,70.88696978198,176.69569818890002
23,4C,1.6859755605528672,71.97444984708,178.9587133851
5,4C,-1.6986491119145308,71.07716872454,177.10691534712
21,4C,-2.7396325613745525,70.6289684386,176.19202321138002
20,4C,-0.01185516432718936,72.15144052974,178.84248069798
15,4C,0.4611283783553093,72.12942676324,178.86449446448
13,4C,-0.819570172013671,71.37215319564,177.6863176814
19,4C,1.354720737535092,71.99206086028,178.92613301068
3,4C,-1.5592156031852231,71.07716872454,177.10691534712
4,4C,2.335998607638917,70.88608923132,177.04087404762
7,4C,1.171854000332499,72.02111903206,178.92965521332
6,4C,1.5350856402023076,71.97444984708,178.9587133851
8,4C,-1.4016006480424692,71.15641828394,177.26101171262
10,4C,2.2391136871468307,71.236548394,177.67310942150002
9,4C,-0.562505255576518,71.53065231444,177.97161609524002
14,4C,-0.17968404928645842,72.15144052974,178.84248069798
22,4C,2.9544316629180845,69.82854788866,175.12567636212
16,4C,0.29351463546689693,72.12942676324,178.86449446448
12,4C,0.6497510902427166,72.08539923024,178.90499979484
26,4C,2.113458744595725,71.236548394,177.67310942150002
32,4C,2.5004513337356578,70.17020154474,175.75086733072
33,4C,-1.2529962526977472,71.15641828394,177.26101171262
31,4C,2.7422805571818145,70.17020154474,175.75086733072
25,4C,1.8354549115409622,71.94363057398,178.94022182124002
36,4C,0.14665947080951014,72.15144052974,178.84248069798
29,4C,-1.0890231970562017,71.31051464944001,177.56480169032
27,4C,-2.896899424265165,70.46694711716,175.86710001784002
28,4C,-2.6214898624594682,70.6289684386,176.19202321138002
30,4C,-0.8660389979869931,71.37215319564,177.6863176814
34,4C,0.8214949203656383,72.0642660144,178.91644695342
35,4C,1.0496461171194005,72.02111903206,178.92965521332
14,5A,-0.17968404928645842,94.94625546516001,205.4148579648
16,5A,0.29351463546689693,94.94185271186001,205.43423007932
2,5A,-0.47353762119150566,94.27967861554,204.59066254704
8,5A,-1.4016006480424692,93.98205249246,203.95578552118
3,5A,-1.5592156031852231,93.9151306423,203.80785301030002
17,5A,-1.8673006810182313,93.80770346178,203.55249331890002
18,5A,-2.4035162231759912,93.6201461712,203.1122179889
13,5A,-0.819570172013671,94.16344592841999,204.33354175432
22,5A,2.9544316629180845,92.49216077574,201.16620103030002
5,5A,-1.6986491119145308,93.9151306423,203.80785301030002
1,5A,-2.237344660468874,93.7566315235,203.42129127055998
21,5A,-2.7396325613745525,93.52592725058001,202.91761629304
10,5A,2.2391136871468307,93.91160843966,203.78407814248
4,5A,2.335998607638917,93.53209110520001,203.10077083032
6,5A,1.5350856402023076,94.60900456238001,205.07144320740002
9,5A,-0.562505255576518,94.23741218386,204.49996582906
15,5A,0.4611283783553093,94.94185271186001,205.43423007932
11,5A,0.9860919302333739,94.80448680890001,205.31535574022
20,5A,-0.01185516432718936,94.94625546516001,205.4148579648
12,5A,0.6497510902427166,94.85996150048,205.37699428642
23,5A,1.6859755605528672,94.60900456238001,205.07144320740002
24,5A,-2.0865917805647145,93.7566315235,203.42129127055998
7,5A,1.171854000332499,94.69617907772,205.18855644518
19,5A,1.354720737535092,94.62661557558,205.10314303116002
35,5A,1.0496461171194005,94.69617907772,205.18855644518
34,5A,0.8214949203656383,94.80448680890001,205.31535574022
27,5A,-2.896899424265165,93.37359198640002,202.58212649158
36,5A,0.14665947080951014,94.94625546516001,205.4148579648
31,5A,2.7422805571818145,92.8364560838,201.80724191078
32,5A,2.5004513337356578,92.8364560838,201.80724191078
30,5A,-0.8660389979869931,94.16344592841999,204.33354175432
26,5A,2.113458744595725,93.91160843966,203.78407814248
28,5A,-2.6214898624594682,93.52592725058001,202.91761629304
25,5A,1.8354549115409622,94.58082694125999,205.02829622506
29,5A,-1.0890231970562017,94.14143216192,204.25869494822
33,5A,-1.2529962526977472,93.98205249246,203.95578552118
18,5B,-2.4035162231759912,84.20882071712,202.95459942076002
14,5B,-0.17968404928645842,87.24231774082,207.6998869275
3,5B,-1.5592156031852231,84.93439446096,204.29479752528
20,5B,-0.01185516432718936,87.24231774082,207.6998869275
13,5B,-0.819570172013671,85.48649972478,205.27044765655998
10,5B,2.2391136871468307,85.765634284,205.71776739183997
12,5B,0.6497510902427166,87.03538833572,207.59069864566
17,5B,-1.8673006810182313,84.62620172996,203.73917005882
8,5B,-1.4016006480424692,85.06207430666,204.5299045515
22,5B,2.9544316629180845,84.28102587124,202.90176638116003
24,5B,-2.0865917805647145,84.50820794152,203.51286853919999
16,5B,0.29351463546689693,87.19917075848,207.70252857948003
4,5B,2.335998607638917,85.3825947469,205.00804355987998
5,5B,-1.6986491119145308,84.93439446096,204.29479752528
21,5B,-2.7396325613745525,84.06705206086001,202.68162871616002
9,5B,-0.562505255576518,85.76827593598,205.74330336098
19,5B,1.354720737535092,86.7210317501,207.32653344766
1,5B,-2.237344660468874,84.50820794152,203.51286853919999
6,5B,1.5350856402023076,86.5757408912,207.17067598083997
11,5B,0.9860919302333739,86.96054152962,207.53786560606
23,5B,1.6859755605528672,86.5757408912,207.17067598083997
2,5B,-0.47353762119150566,85.90564183894,205.96784377928
7,5B,1.171854000332499,86.81260901874,207.413707963
15,5B,0.4611283783553093,87.19917075848,207.70252857948003
30,5B,-0.8660389979869931,85.48649972478,205.27044765655998
26,5B,2.113458744595725,85.765634284,205.71776739183997
28,5B,-2.6214898624594682,84.06705206086001,202.68162871616002
25,5B,1.8354549115409622,86.50441628774,207.09054587078
29,5B,-1.0890231970562017,85.3605809804,205.05119054222
33,5B,-1.2529962526977472,85.06207430666,204.5299045515
31,5B,2.7422805571818145,84.65966265504001,203.62117627037998
27,5B,-2.896899424265165,83.77294814042,202.12335959772
35,5B,1.0496461171194005,86.81260901874,207.413707963
36,5B,0.14665947080951014,87.24231774082,207.6998869275
32,5B,2.5004513337356578,84.65966265504001,203.62117627037998
34,5B,0.8214949203656383,86.96054152962,207.53786560606
13,6A,-0.819570172013671,109.59509624491999,220.43441057242
2,6A,-0.47353762119150566,110.25550923991999,221.33609444826
22,6A,2.9544316629180845,108.55076316216,218.21102015591998
19,6A,1.354720737535092,111.70489562627999,223.22047286066
1,6A,-2.237344660468874,109.06236309562,219.36806372316002
16,6A,0.29351463546689693,112.52821049338,224.0825319568
18,6A,-2.4035162231759912,108.8624780958,218.98326308474
15,6A,0.4611283783553093,112.52821049338,224.0825319568
7,6A,1.171854000332499,111.84138097858,223.3692859222
14,6A,-0.17968404928645842,112.61890721136001,224.15649821224
21,6A,-2.7396325613745525,108.7832285364,218.80891405405998
12,6A,0.6497510902427166,112.36442807062,223.9460466045
6,6A,1.5350856402023076,111.37292802745999,222.83038891828
24,6A,-2.0865917805647145,109.06236309562,219.36806372316002
3,6A,-1.5592156031852231,109.2102956065,219.75110326026
9,6A,-0.562505255576518,109.72365664128,220.6748009026
11,6A,0.9860919302333739,112.2041678505,223.77433922580002
23,6A,1.6859755605528672,111.37292802745999,222.83038891828
10,6A,2.2391136871468307,110.36205586978,221.21898121048002
17,6A,-1.8673006810182313,109.07733245684,219.45699933982002
20,6A,-0.01185516432718936,112.61890721136001,224.15649821224
8,6A,-1.4016006480424692,109.35558646540001,219.98532973582
4,6A,2.335998607638917,109.85485868962,220.40887460328
5,6A,-1.6986491119145308,109.2102956065,219.75110326026
35,6A,1.0496461171194005,111.84138097858,223.3692859222
36,6A,0.14665947080951014,112.61890721136001,224.15649821224
33,6A,-1.2529962526977472,109.35558646540001,219.98532973582
34,6A,0.8214949203656383,112.2041678505,223.77433922580002
28,6A,-2.6214898624594682,108.7832285364,218.80891405405998
31,6A,2.7422805571818145,108.968144175,218.92338563986002
27,6A,-2.896899424265165,108.6203266643,218.45493268874
30,6A,-0.8660389979869931,109.59509624491999,220.43441057242
29,6A,-1.0890231970562017,109.51144393222,220.2873586122
25,6A,1.8354549115409622,111.25053148572,222.68421750872
26,6A,2.113458744595725,110.36205586978,221.21898121048002
32,6A,2.5004513337356578,108.968144175,218.92338563986002
21,6B,-2.7396325613745525,96.38243359162,211.14372055876
8,6B,-1.4016006480424692,97.25593984634,212.78330588768
12,6B,0.6497510902427166,99.5682658795,216.1972007965
2,6B,-0.47353762119150566,98.02554112318,214.11381793494002
7,6B,1.171854000332499,99.43001942588,216.15493436482
24,6B,-2.0865917805647145,96.74345936222001,211.83583337751998
19,6B,1.354720737535092,99.29617572556,216.02813506978
10,6B,2.2391136871468307,98.31964504362,214.54969051164
6,6B,1.5350856402023076,99.1632125759,215.93391614916
4,6B,2.335998607638917,97.88553356824,213.82323621714
11,6B,0.9860919302333739,99.47316640822001,216.12675674369999
17,6B,-1.8673006810182313,96.86409480264,212.06829875176
20,6B,-0.01185516432718936,99.91080008624002,216.44991883592
1,6B,-2.237344660468874,96.74345936222001,211.83583337751998
5,6B,-1.6986491119145308,97.11857394338001,212.5385128042
15,6B,0.4611283783553093,99.86236979994,216.45167993724
14,6B,-0.17968404928645842,99.91080008624002,216.44991883592
18,6B,-2.4035162231759912,96.5039495827,211.37266373036002
9,6B,-0.562505255576518,97.92956110124001,213.94123000558002
3,6B,-1.5592156031852231,97.11857394338001,212.5385128042
16,6B,0.29351463546689693,99.86236979994,216.45167993724
23,6B,1.6859755605528672,99.1632125759,215.93391614916
22,6B,2.9544316629180845,96.72937055166,211.81470016168
13,6B,-0.819570172013671,97.69797627766,213.54234055659998
35,6B,1.0496461171194005,99.43001942588,216.15493436482
25,6B,1.8354549115409622,99.09364907375999,215.87403870428
30,6B,-0.8660389979869931,97.69797627766,213.54234055659998
28,6B,-2.6214898624594682,96.38243359162,211.14372055876
29,6B,-1.0890231970562017,97.61080176232,213.36358877262
27,6B,-2.896899424265165,96.11738784296,210.64444833454002
32,6B,2.5004513337356578,97.11241008875999,212.48215756196
34,6B,0.8214949203656383,99.47316640822001,216.12675674369999
36,6B,0.14665947080951014,99.91080008624002,216.44991883592
33,6B,-1.2529962526977472,97.25593984634,212.78330588768
26,6B,2.113458744595725,98.31964504362,214.54969051164
31,6B,2.7422805571818145,97.11241008875999,212.48215756196
19,7A,1.354720737535092,123.89964171662,235.26464478814
20,7A,-0.01185516432718936,124.74937310352,236.1680897653
15,7A,0.4611283783553093,124.71503162778,236.15576205605998
18,7A,-2.4035162231759912,121.37510297440001,231.66407313940002
16,7A,0.29351463546689693,124.71503162778,236.15576205605998
17,7A,-1.8673006810182313,121.57146577158001,232.06296258838
7,7A,1.171854000332499,124.04141037288001,235.42578555891998
1,7A,-2.237344660468874,121.5380048465,231.96962421842
13,7A,-0.819570172013671,122.37716962548,233.28252525248
2,7A,-0.47353762119150566,122.86059193782,233.94469934880001
11,7A,0.9860919302333739,124.333753192,235.75687260708003
12,7A,0.6497510902427166,124.47728294958002,235.9171328272
8,7A,-1.4016006480424692,121.91664163029999,232.62739556144
21,7A,-2.7396325613745525,121.28968956038001,231.5055740206
14,7A,-0.17968404928645842,124.74937310352,236.1680897653
24,7A,-2.0865917805647145,121.5380048465,231.96962421842
4,7A,2.335998607638917,121.95802751132,232.37027476872
22,7A,2.9544316629180845,120.63632097066,230.18827023324
3,7A,-1.5592156031852231,121.7933645379,232.43191331492
5,7A,-1.6986491119145308,121.7933645379,232.43191331492
6,7A,1.5350856402023076,123.49018565972001,234.78474467844
9,7A,-0.562505255576518,122.77253687182,233.81173619914
23,7A,1.6859755605528672,123.49018565972001,234.78474467844
10,7A,2.2391136871468307,122.47491074874002,233.18126192658002
30,7A,-0.8660389979869931,122.37716962548,233.28252525248
27,7A,-2.896899424265165,121.11798218168,231.17184532046
32,7A,2.5004513337356578,121.04841867954,230.88302470398003
26,7A,2.113458744595725,122.47491074874002,233.18126192658002
35,7A,1.0496461171194005,124.04141037288001,235.42578555891998
28,7A,-2.6214898624594682,121.28968956038001,231.5055740206
33,7A,-1.2529962526977472,121.91664163029999,232.62739556144
25,7A,1.8354549115409622,123.38892233382,234.66675089
31,7A,2.7422805571818145,121.04841867954,230.88302470398003
29,7A,-1.0890231970562017,122.29703951542,233.15396485612
34,7A,0.8214949203656383,124.333753192,235.75687260708003
36,7A,0.14665947080951014,124.74937310352,236.1680897653
21,8A,-2.7396325613745525,170.77575610172002,281.55959573764
19,8A,1.354720737535092,176.33115021566,288.73432251532
10,8A,2.2391136871468307,174.9301941156,286.80767767124
16,8A,0.29351463546689693,177.28214492845999,289.69412273472
7,8A,1.171854000332499,176.57858495112,288.99848771332
6,8A,1.5350856402023076,176.09340153746,288.48688777986
13,8A,-0.819570172013671,172.07456832522,283.54347637462
8,8A,-1.4016006480424692,171.32521971356002,282.55461798344004
22,8A,2.9544316629180845,172.75171178276,283.5637290398
5,8A,-1.6986491119145308,171.1878538106,282.34328582504
3,8A,-1.5592156031852231,171.1878538106,282.34328582504
18,8A,-2.4035162231759912,170.8312307933,281.6749478741
15,8A,0.4611283783553093,177.28214492845999,289.69412273472
24,8A,-2.0865917805647145,170.93601632184001,281.89684664042
17,8A,-1.8673006810182313,171.00646037464,282.03245144206
9,8A,-0.562505255576518,172.51572420588002,284.10790934768
4,8A,2.335998607638917,174.30412259634,285.90247159276004
20,8A,-0.01185516432718936,177.40630257152,289.8068332192
1,8A,-2.237344660468874,170.93601632184001,281.89684664042
12,8A,0.6497510902427166,177.0963487392,289.54090691988
14,8A,-0.17968404928645842,177.40630257152,289.8068332192
23,8A,1.6859755605528672,176.09340153746,288.48688777986
11,8A,0.9860919302333739,176.98892155868,289.43876304332
2,8A,-0.47353762119150566,172.65132900752002,284.28930278364
28,8A,-2.6214898624594682,170.77575610172002,281.55959573764
29,8A,-1.0890231970562017,171.89669709190002,283.30484714576
30,8A,-0.8660389979869931,172.07456832522,283.54347637462
27,8A,-2.896899424265165,170.67801497846,281.34650247792
31,8A,2.7422805571818145,173.25450620962,284.32628591136
26,8A,2.113458744595725,174.9301941156,286.80767767124
35,8A,1.0496461171194005,176.57858495112,288.99848771332
33,8A,-1.2529962526977472,171.32521971356002,282.55461798344004
32,8A,2.5004513337356578,173.25450620962,284.32628591136
36,8A,0.14665947080951014,177.40630257152,289.8068332192
25,8A,1.8354549115409622,175.95075233054,288.33719416766
34,8A,0.8214949203656383,176.98892155868,289.43876304332
